Commentaire_Cluster;Commentaire_Count;Commentaire_PerMille;Description_Cluster;Description_Count;Description_PerMille
nan;21176;439.09;nan;14296;903.55
nan;21176;439.09;ouverture du joint;4;0.25
nan;21176;439.09;bewuchs von gräsern;9;0.57
nan;21176;439.09;in mässigem ausmass;3;0.19
nan;21176;439.09;anzeichen auf undichtigkeit;3;0.19
nan;21176;439.09;bis mm;10;0.63
nan;21176;439.09;vereinzelt;16;1.01
nan;21176;439.09;aufgrund bewehrungskorrosion;12;0.76
nan;21176;439.09;sehr wenige;6;0.38
nan;21176;439.09;vermehrt;5;0.32
nan;21176;439.09;wenige;23;1.45
nan;21176;439.09;aufgrund ungenügender bewehrungsüberdeckung;6;0.38
nan;21176;439.09;vereinzelte anzeichen von bewehrungskorrosion in form von rostflecken;17;1.07
nan;21176;439.09;teilweise versintert;6;0.38
nan;21176;439.09;lokal vereinzelt;3;0.19
nan;21176;439.09;vereinzelte anzeichen von bewehrungskorrosion;3;0.19
nan;21176;439.09;fissures de rag;52;3.29
nan;21176;439.09;avec rag;18;1.14
nan;21176;439.09;kiesnester;3;0.19
nan;21176;439.09;abblättern des os bzw des anstrichs;3;0.19
nan;21176;439.09;présence de végétation;14;0.88
nan;21176;439.09;armature apparente corrodée;8;0.51
nan;21176;439.09;fissures dues des déformations empêchées;3;0.19
nan;21176;439.09;mehrheitlich im bereich der fugen unterhalb von rissen;4;0.25
nan;21176;439.09;risse in den fugen mit rissbreiten bis ca mm teilweise vesintert;4;0.25
nan;21176;439.09;anzeichen auf aar aufgrund typischem rissbild;17;1.07
nan;21176;439.09;bewuchs von moos und gräser;7;0.44
nan;21176;439.09;bewuchs durch gräser;6;0.38
nan;21176;439.09;rissbreite bis mm;14;0.88
nan;21176;439.09;ca alle;6;0.38
nan;21176;439.09;leichte spurrinnen;3;0.19
nan;21176;439.09;in geringem ausmass;6;0.38
nan;21176;439.09;nur geringfügig;56;3.54
nan;21176;439.09;zones humides avec efflorescences;3;0.19
nan;21176;439.09;im rahmen der instandsetzung;24;1.52
nan;21176;439.09;ouverture inférieure mm;16;1.01
nan;21176;439.09;diverse zwangsrisse infolge schwinden;3;0.19
nan;21176;439.09;éclats sans armatures apparentes;5;0.32
nan;21176;439.09;non constaté constatation effacer;17;1.07
nan;21176;439.09;fissures;6;0.38
nan;21176;439.09;fissures verticales;17;1.07
nan;21176;439.09;avec armatures apparentes et corrodées;31;1.96
nan;21176;439.09;injurieux;3;0.19
nan;21176;439.09;fissures horizontales;10;0.63
nan;21176;439.09;dépôts et efflorescences;10;0.63
nan;21176;439.09;traces de choc;3;0.19
nan;21176;439.09;réparé;17;1.07
nan;21176;439.09;abplatzungen infolge korrosion der bewehrung;6;0.38
nan;21176;439.09;ouverture jusqu 4mm;9;0.57
nan;21176;439.09;ouverture inférieure ou égale 3mm;5;0.32
nan;21176;439.09;avec tâches de rouille;6;0.38
nan;21176;439.09;couverture de végétation;5;0.32
nan;21176;439.09;sans armatures apparentes;53;3.35
nan;21176;439.09;avec des traces efflorescence;12;0.76
nan;21176;439.09;fissures avec une ouverture inférieure 3mm;12;0.76
nan;21176;439.09;joint non étanche;2;0.13
nan;21176;439.09;inférieures 3mm;27;1.71
nan;21176;439.09;cette constatation relevée lors des précédentes inspections pas pu être localisée;3;0.19
nan;21176;439.09;protection détériorée;5;0.32
nan;21176;439.09;défaut exécution;46;2.91
nan;21176;439.09;système évacuation des eaux de surface non étanche au niveau des grilles;4;0.25
nan;21176;439.09;fissures 45 ouverture max 3mm longueur sur environ 200cm pas de traces infiltrations;5;0.32
nan;21176;439.09;pertes de section importantes et armature cassée;3;0.19
nan;21176;439.09;cette constation pas été relevée sur site elle est donc placée en réparé;3;0.19
nan;21176;439.09;boulons non serrés;3;0.19
nan;21176;439.09;avec probablement diminution de section;6;0.38
nan;21176;439.09;avec armature corrodée;4;0.25
nan;21176;439.09;orientation horizontale;3;0.19
nan;21176;439.09;avec armature apparente;6;0.38
nan;21176;439.09;efflorescences en surface;4;0.25
nan;21176;439.09;venue eau depuis la partie sup de ouvrage;4;0.25
nan;21176;439.09;aussinterungen;5;0.32
nan;21176;439.09;dégradation de la surface du béton;4;0.25
nan;21176;439.09;fissures biaises dans les angles des extrêmités de entretoise sur une longueur de 200cm environ ouv max estimée 3mm pas de trace infiltration;3;0.19
nan;21176;439.09;traces de chocs de véhicules;3;0.19
nan;21176;439.09;détérioration de la protection de surface;6;0.38
nan;21176;439.09;fissures sur ensemble de la surface maillage irrégulier ouv inf 3mm pas de traces infiltrations;5;0.32
nan;21176;439.09;fissures dues des déformations empêchées fissures de retrait;3;0.19
nan;21176;439.09;fissures inférieures mm;7;0.44
nan;21176;439.09;dépôts de carbonate de calcium haute teneur en chlorure en surface;3;0.19
nan;21176;439.09;fortschreitende flächenkorrosion;21;1.33
nan;21176;439.09;cette constatation pas été relevée sur site la constatation est donc classée en réparé afin qu elle ne soit pas reportée lors de la prochaine inspection;8;0.51
nan;21176;439.09;schwindrisse;5;0.32
nan;21176;439.09;fissure de retrait non sup 3mm entrée de la section du caisson;3;0.19
nan;21176;439.09;ouverture du joint mur aile ouvrage;3;0.19
nan;21176;439.09;photos ensemble;9;0.57
nan;21176;439.09;réparations locales;1;0.06
nan;21176;439.09;abplatzungen infolge frost;5;0.32
nan;21176;439.09;risse teilweise mit aussinterungen;5;0.32
nan;21176;439.09;détérioration des joints;2;0.13
nan;21176;439.09;enrobage armature insuffisant;3;0.19
nan;21176;439.09;unproblematisch;7;0.44
nan;21176;439.09;schwindrisse bis mm;6;0.38
nan;21176;439.09;généralisé défaut exécution;7;0.44
nan;21176;439.09;unbedeutend;3;0.19
nan;21176;439.09;zwangsrisse bis mm;3;0.19
nan;21176;439.09;faïencage de la surface dû un phénomène vraisemblablement de rag couplé avec un phénomène de gel-dégel;1;0.06
nan;21176;439.09;dommages mécaniques et traces de choc de véhicules;3;0.19
nan;21176;439.09;risse bis mm;3;0.19
nan;21176;439.09;oberflächliche korrosion;5;0.32
nan;21176;439.09;défauts de joints détachement du mortier de jointage;4;0.25
nan;21176;439.09;végétation;3;0.19
nan;21176;439.09;joint détérioré;19;1.2
nan;21176;439.09;non constaté;22;1.39
nan;21176;439.09;risse verlaufen durch zuschlagssteine teilweise gelbildung in den rissen verdacht auf aar;4;0.25
nan;21176;439.09;avec éclats;3;0.19
nan;21176;439.09;avec début éclat;3;0.19
nan;21176;439.09;avec corrosion de armature;9;0.57
nan;21176;439.09;fissures de retrait;10;0.63
nan;21176;439.09;avec éclatement;7;0.44
nan;21176;439.09;armature corrodée;3;0.19
nan;21176;439.09;défauts éliminés;2;0.13
nan;21176;439.09;non conforme aux exigences de ofrou;7;0.44
nan;21176;439.09;grilles défectueuses;10;0.63
nan;21176;439.09;joints refaits;11;0.7
nan;21176;439.09;fissures transversales;4;0.25
nan;21176;439.09;système de retenue non conforme aux directives ofrou;3;0.19
nan;21176;439.09;éclatement du béton;3;0.19
nan;21176;439.09;corrosion;3;0.19
nan;21176;439.09;éclatement du béton au droit des pipettes avec corrosion de armature;4;0.25
nan;21176;439.09;éclatement du béton avec corrosion de armature particulièrement au droit des pipettes;4;0.25
nan;21176;439.09;éclatement du béton avec forte corrosion de armature et efflorescence du béton;4;0.25
nan;21176;439.09;fissures ouverture inférieure mm;3;0.19
nan;21176;439.09;ragréages localisés;7;0.44
nan;21176;439.09;tiges métalliques des anciennes glissières début de corrosion;16;1.01
nan;21176;439.09;encrassement dû la présence de pigeons intérieur du caisson;5;0.32
nan;21176;439.09;enrobage insuffisant;5;0.32
nan;21176;439.09;armature mise nu;6;0.38
nan;21176;439.09;sans armatures apparentes corrodées;6;0.38
nan;21176;439.09;raccord au revêtement défectueux;4;0.25
nan;21176;439.09;avec dépôt de calcaire;7;0.44
nan;21176;439.09;corrosion de armature avec éclatement de la surface du béton;9;0.57
nan;21176;439.09;substance modifiée;8;0.51
nan;21176;439.09;concerne un autre sous oi;3;0.19
nan;21176;439.09;schäden aufgrund schneeräumung;3;0.19
nan;21176;439.09;une intervention de conservation été réalisée depuis la dernière inspection;8;0.51
nan;21176;439.09;auf lagerbank;3;0.19
nan;21176;439.09;supprimer;3;0.19
nan;21176;439.09;éclats avec armatures apparentes corrodées;4;0.25
nan;21176;439.09;avec dépôt de calcaire et efflorescence;4;0.25
nan;21176;439.09;initiation éclats;16;1.01
nan;21176;439.09;bewuchs von moos;3;0.19
nan;21176;439.09;présence éléments de coffrage;6;0.38
nan;21176;439.09;avec lessivage de la chaux;5;0.32
nan;21176;439.09;détérioration du mortier de jointoyage;3;0.19
nan;21176;439.09;détérioration du mortier de jointoyage lié la présence de la végétation;4;0.25
nan;21176;439.09;anzeichen von bewehrungskorrosion;5;0.32
nan;21176;439.09;abplatzungen aufgrund bewehrungskorrosion;3;0.19
nan;21176;439.09;infolge ungenügender bewehrungsüberdeckung;8;0.51
nan;21176;439.09;infolge bewehrungskorrosion;3;0.19
nan;21176;439.09;ausblühungen;3;0.19
nan;21176;439.09;ragréage et revêtement de protection faits sur la moitié inférieure;5;0.32
nan;21176;439.09;remise en état avec la mise en place un joint de chaussé bitumineux;8;0.51
nan;21176;439.09;remplacement de la glissière;7;0.44
nan;21176;439.09;végétation en tête du mur;3;0.19
nan;21176;439.09;nouveau revêtement entre 2019 et 2024 non visible;12;0.76
nan;21176;439.09;fissure dans le joint de dilatation;3;0.19
nan;21176;439.09;lose mörtelfugen ca 10 20 cm;9;0.57
nan;21176;439.09;avec traces infiltrations;4;0.25
nan;21176;439.09;bewuchs;6;0.38
nan;21176;439.09;pflanzenbewuchs;3;0.19
nan;21176;439.09;gräser;3;0.19
nan;21176;439.09;elle est donc classée en réparé pour ne pas être reportée lors de la prochaine inspection;3;0.19
nan;21176;439.09;il manque la grille;3;0.19
nan;21176;439.09;doublon issue de la dernière inspection;4;0.25
nan;21176;439.09;éclats et initiation éclats avec armatures apparentes corrodées;3;0.19
nan;21176;439.09;wenige rostflecken und abplatzungen aufgrund feuchtigkeit aus dem erdreich;6;0.38
nan;21176;439.09;sur toute la longueur;3;0.19
nan;21176;439.09;angerostete freilegende bewehrung;3;0.19
nan;21176;439.09;avec efflorescence du béton;3;0.19
nan;21176;439.09;modification de substance supprimer;5;0.32
nan;21176;439.09;des fissures treillis sont présentes sur toute la surface du mur aile;4;0.25
nan;21176;439.09;netzartige aar bedingte risse;4;0.25
nan;21176;439.09;constatation vide de inspection 2018;3;0.19
nan;21176;439.09;wasseraustritt mit ablagerungen;3;0.19
nan;21176;439.09;non trouvé etat changé;5;0.32
nan;21176;439.09;suppression de cette constatation qui en est pas une;3;0.19
nan;21176;439.09;fissures dues la rag;7;0.44
nan;21176;439.09;surface exposée gel-dégel;3;0.19
nan;21176;439.09;zum zeitpunkt der inspektion trocken;3;0.19
nan;21176;439.09;infolge undichtem fbü;3;0.19
nan;21176;439.09;traces efflorescences;4;0.25
nan;21176;439.09;défaut exécution armature légèrement corrodée 09 05 2019;3;0.19
nan;21176;439.09;différences de niveau entre les différents profils métalliques;3;0.19
nan;21176;439.09;le joint de chaussée est encrassé avec le temps ceci est une déterioration classique du joint;4;0.25
nan;21176;439.09;disparition de la protection contre la corrosion le long des voies de roulement;4;0.25
nan;21176;439.09;dégâts provoqués par le chasse-neige en raison des différences de niveau entre les différents profils métalliques;4;0.25
nan;21176;439.09;ruptures et morceaux qui se détachent;1;0.06
nan;21176;439.09;les éclats ont pas été constatés en 2019 et ne sont toujours pas visibles en 2024 ils sont considérés comme réparés ici;1;0.06
nan;21176;439.09;les tâches de rouille ont pas été constatées en 2019 et ne sont toujours pas visibles en 2024 elles sont considérées comme réparées ici;3;0.19
nan;21176;439.09;le joint été réparé sur toute la hauteur et ne présente pas de défaut étanchéité le déplacement relatif reste présent malgré cette réparation;3;0.19
nan;21176;439.09;vereinzelt freiliegende korrodierte bewehrung infolge ungenügender bewehrungsüberdeckung;3;0.19
nan;21176;439.09;freiliegende korrodierte bewehrung aufgrund geringer bewehrungsüberdeckung;4;0.25
nan;21176;439.09;carottages rebouchés;3;0.19
nan;21176;439.09;freiliegende korrodierte bewehrung;3;0.19
nan;21176;439.09;les fissures sous le revêtement de surface ne sont plus visibles;4;0.25
nan;21176;439.09;suspicion de rag;3;0.19
nan;21176;439.09;réparation effectuée;3;0.19
nan;21176;439.09;risse und rostflecken infolge bewehrungskorrosion;3;0.19
nan;21176;439.09;deckbelag am anschluss verformt und aufgewölbt;3;0.19
nan;21176;439.09;lose mörtelfugen von ca 10 10 cm 40 20 cm;4;0.25
nan;21176;439.09;risse mit rissbreiten bis ca mm teilweise versintert;10;0.63
nan;21176;439.09;lose mörtelfugen;3;0.19
nan;21176;439.09;bewuchs von kleinen büschen und gräser;4;0.25
nan;21176;439.09;längsrisse mit rissbreiten bis ca mm;4;0.25
nan;21176;439.09;vereinzelte lokale aussinterungen;3;0.19
nan;21176;439.09;vereinzelte wassersinterungen;4;0.25
nan;21176;439.09;unterhalb loser mörtelfugen wassersinterungen;4;0.25
nan;21176;439.09;le béton de scellement de la plaque appuis est éclaté;4;0.25
nan;21176;439.09;ca 10 10 cm;3;0.19
nan;21176;439.09;eau de chaussée écoule sur la culée;3;0.19
nan;21176;439.09;aufgrund verschwindender os;3;0.19
nan;21176;439.09;fissure dans le revêtement;3;0.19
nan;21176;439.09;déplacement constaté;4;0.25
nan;21176;439.09;dispositif de retenue remplacé;3;0.19
nan;21176;439.09;parties métalliques corrodées;13;0.82
nan;21176;439.09;important;4;0.25
nan;21176;439.09;sichbare bewehung mit fortschreitender bewehrungskorrosion;8;0.51
nan;21176;439.09;cette constatation pas été relevée;2;0.13
nan;21176;439.09;anzeichen von aar im frühen stadium risse bis mm;3;0.19
nan;21176;439.09;non constatée lors de la précédente inspection supprimer;15;0.95
nan;21176;439.09;supprimer non constaté déjà lors de la précédente inspection;12;0.76
nan;21176;439.09;usure avancée du béton granulats apparents sur toute la surface;3;0.19
nan;21176;439.09;fissuration dû la rag fissures supérieures mm;3;0.19
nan;21176;439.09;netzrisse mit starken aussinterungen;1;0.06
nan;21176;439.09;mauvaise étanchéité du coffrage;3;0.19
nan;21176;439.09;abplatzung mit freilegender bewehrung aufgrund korrosion und ungenügender bewehrungsüberdeckung;4;0.25
nan;21176;439.09;cette constatation est maintenant comprise dans oi g3026;5;0.32
stk bis 300 cm2 mit korrodierter bewehrung;1405;29.13;nan;1405;1000.0
moos algen;11;0.23;nan;11;1000.0
stark verwitterte oberfläche mit kornausbrüchen;321;6.66;nan;321;1000.0
leicht verwitterte oberfläche;81;1.68;nan;81;1000.0
schwindrisse mit kalkaussinterung;392;8.13;nan;392;1000.0
mehrere schwindrisse teils mit kalkaussinterung;343;7.11;nan;343;1000.0
verwitterte oberfläche;203;4.21;nan;203;1000.0
ablösung der beschichtung;155;3.21;nan;155;1000.0
einzelne kleine;118;2.45;nan;118;1000.0
stk klein;132;2.74;nan;132;1000.0
cette constatation peut être supprimé;26;0.54;cette constatation pas été relevée;14;1000.0
sträucher;77;1.6;nan;77;1000.0
stk korrodierter bewehrungsstab;163;3.38;nan;163;1000.0
leichte;280;5.81;nan;280;1000.0
stk schwindrisse;530;10.99;nan;530;1000.0
ablösung der flanken keine belagsfuge vorhanden;46;0.95;nan;46;1000.0
aar beginnend evtl frühschwindrisse;268;5.56;nan;268;1000.0
mit abplatzungen;15;0.31;nan;15;1000.0
stehendes wasser;5;0.1;nan;5;1000.0
hohlliegender belag;110;2.28;nan;110;1000.0
mehrere stellen;6;0.12;nan;6;1000.0
geländerhöhe 93 cm;11;0.23;nan;11;1000.0
suspicion de rag;41;0.85;nan;26;928.57
suspicion de rag;41;0.85;ouverture inférieure ou égale 3mm;1;35.71
suspicion de rag;41;0.85;fissures inférieures mm;1;35.71
stk schwindriss mit kalksinterungen;25;0.52;nan;25;1000.0
moos gras;20;0.41;nan;20;1000.0
mehrere frühschwindrisse;400;8.29;nan;400;1000.0
stk bis 75 cm2;422;8.75;nan;422;1000.0
undichte fuge;167;3.46;nan;167;1000.0
stk bis 100 cm2 mechanische beschädigung;253;5.25;nan;253;1000.0
mit kalkaussinterungen;144;2.99;nan;144;1000.0
stk bis 100 cm2 zwängung;71;1.47;nan;71;1000.0
absandung der betonoberfläche;7;0.15;nan;7;1000.0
je stk diagonalriss;19;0.39;nan;19;1000.0
anzahl stk;6;0.12;nan;6;1000.0
ablösung der flanken;226;4.69;nan;226;1000.0
einzelne schwindrisse;137;2.84;nan;137;1000.0
teils vergossen;45;0.93;nan;45;1000.0
einzelne;54;1.12;nan;53;1000.0
ablösung der beschichtung spachtel;11;0.23;nan;11;1000.0
zahlreiche kleine;31;0.64;nan;31;1000.0
ablösung der flanken fibrescreedkeil;4;0.08;nan;4;1000.0
zahlreiche schwindrisse;79;1.64;nan;79;1000.0
beginnende alkali aggregat reaktion;6;0.12;nan;6;1000.0
unterläufige elemente;5;0.1;nan;5;1000.0
zahlreiche mit kalkaussinterung;8;0.17;nan;8;1000.0
mehrere;300;6.22;nan;300;1000.0
beton nicht ft-beständig;4;0.08;nan;4;1000.0
grossflächig hohlliegend;7;0.15;nan;7;1000.0
schwindrisse oder aar beginnend;132;2.74;nan;132;1000.0
zahlreiche;60;1.24;nan;60;1000.0
aar beginnend;99;2.05;nan;99;1000.0
grosse menge an fremdwasser probleme in uplans wenn umbau zu ps und saba;11;0.23;nan;11;1000.0
grossflächig;53;1.1;nan;53;1000.0
von undichtem fbü;13;0.27;nan;13;1000.0
leicht korrodiert;69;1.43;nan;69;1000.0
mehrere stellen schadhafter korrosionsschutz;3;0.06;nan;3;1000.0
stk abplatzung bis 100 cm2 mit korrodierter bewehrung;11;0.23;nan;11;1000.0
mehrere mit betonabplatzungen;9;0.19;nan;9;1000.0
mehrere kleine;324;6.72;nan;324;1000.0
mit kornausbrüchen;50;1.04;nan;50;1000.0
mehrere mit abplatzungen bis 100 cm2;8;0.17;nan;8;1000.0
abgeplatzte verfüllung von geländerpfosten;3;0.06;nan;3;1000.0
mehrere diagonalrisse teils mit kalkaussinterungen;3;0.06;nan;3;1000.0
mehrere schwindrisse bis mm;10;0.21;nan;10;1000.0
moosbewuchs;57;1.18;nan;57;1000.0
korrodiert;54;1.12;nan;54;1000.0
schadhafter korrosionsschutz;198;4.11;nan;198;1000.0
je stk horizontalriss;31;0.64;nan;31;1000.0
mehrere grossflächig;8;0.17;nan;8;1000.0
horizontalriss;5;0.1;nan;5;1000.0
undichte bindstelle;65;1.35;nan;65;1000.0
stk länge alt;3;0.06;nan;3;1000.0
verschmutzung;3;0.06;nan;3;1000.0
mehrere mit kalkaussinterungen;51;1.06;nan;51;1000.0
zusammengefasst;10;0.21;nan;10;1000.0
mehrere bis 2000cm2 mit korrodierter bewehrung;143;2.97;nan;143;1000.0
undichte arbeitsfugen;24;0.5;nan;24;1000.0
mehrere undichte bindstelle;7;0.15;nan;7;1000.0
mehrere teils vergossen;33;0.68;nan;33;1000.0
mehrere grosse;3;0.06;nan;3;1000.0
korrosionsschutz abgefahren;7;0.15;nan;7;1000.0
viele teils grosse lunkern infolge ft-beton und negativ geneigter fläche;3;0.06;nan;3;1000.0
mit rostflecken;37;0.77;nan;37;1000.0
zahlreiche bis 100 cm2 mit korrodierter bewehrung;17;0.35;nan;17;1000.0
stk schwindrisse bis mm;46;0.95;nan;46;1000.0
schwindrisse teils mit kalkaussinterungen;102;2.11;nan;102;1000.0
hohlliegender belag mit rissen;3;0.06;nan;3;1000.0
lagerplatz leichte betonschäden;3;0.06;nan;3;1000.0
herkunft;7;0.15;nan;7;1000.0
alte nassstelle jetzt trocken;110;2.28;nan;110;1000.0
fugenprofil wird spröde von verwitterung teilweise undicht;4;0.08;nan;4;1000.0
stk schwindrisse bis mm teils mit kalkaussinterungen;25;0.52;nan;25;1000.0
stk bis 1000 cm2 infolge holzeinlage;16;0.33;nan;16;1000.0
stk bis 400 cm2 mit korrodierter bewehrung mechanische beschädigung;7;0.15;nan;7;1000.0
evtl mechanische beschädigung;35;0.73;nan;35;1000.0
schrauben korrodiert;3;0.06;nan;3;1000.0
gewollt;12;0.25;nan;12;1000.0
neuer belag;10;0.21;nan;10;1000.0
bis ca 1cm;74;1.53;nan;74;1000.0
gerissenes dehnprofil;4;0.08;nan;4;1000.0
ablösung der flanken teils mit bewuchs;36;0.75;nan;36;1000.0
fissures de rag jusqu mm;6;0.12;nan;6;1000.0
vereinzelt;3;0.06;nan;3;1000.0
mehrere korrodierte bewehrungsstäbe mit abplatzungen bis 100 cm2;7;0.15;nan;7;1000.0
verwitterte oberfläche teils mit kornausbrüchen;59;1.22;nan;59;1000.0
teils mit kalkaussinterungen;20;0.41;nan;20;1000.0
je stk;21;0.44;nan;21;1000.0
ablösung der flanken keine belagsfuge vorhanden teils mit bewuchs;59;1.22;nan;59;1000.0
mehrere kleine stellen;12;0.25;nan;12;1000.0
moos gras und sträucher;3;0.06;nan;3;1000.0
dépôts de carbonate de calcium;11;0.23;nan;10;1000.0
starker bewuchs;6;0.12;nan;6;1000.0
fissures de rag fissures de retrait fissures supérieures mm;5;0.1;nan;4;1000.0
moos leicht;18;0.37;nan;18;1000.0
réparé;60;1.24;nan;37;770.83
réparé;60;1.24;non constaté;3;62.5
réparé;60;1.24;nouveau revêtement entre 2019 et 2024 non visible;3;62.5
réparé;60;1.24;défaut exécution;1;20.83
réparé;60;1.24;ruptures et morceaux qui se détachent;2;41.67
réparé;60;1.24;réparations locales;2;41.67
undichte fuge wasserführend;10;0.21;nan;10;1000.0
ragréages localisés;35;0.73;interventions entretien courant;25;735.29
ragréages localisés;35;0.73;nan;9;264.71
application une protection de surface sur env de hauteur;5;0.1;interventions entretien courant;5;1000.0
ragréages localisés et application une protection de surface sur env de hauteur;6;0.12;interventions entretien courant;4;666.67
ragréages localisés et application une protection de surface sur env de hauteur;6;0.12;défauts éliminés;1;166.67
ragréages localisés et application une protection de surface sur env de hauteur;6;0.12;nan;1;166.67
moos sträucher;15;0.31;nan;15;1000.0
mehrere kleine binddrähte und abstandhalter;47;0.97;nan;47;1000.0
fissures de rag;16;0.33;nan;16;1000.0
stk korrodierte bewehrungsstäbe mit betonabplatzungen;40;0.83;nan;40;1000.0
kalkablagerungen;35;0.73;nan;35;1000.0
stark verwitterte oberfläche;31;0.64;nan;31;1000.0
verfüllung von geländerpfosten;15;0.31;nan;15;1000.0
mehrere bis 300 cm2 mechanische beschädigungen;3;0.06;nan;3;1000.0
wasserführend;46;0.95;nan;46;1000.0
dégâts accident;10;0.21;nan;10;1000.0
falsche höhenlage;9;0.19;nan;9;1000.0
undichte rohrdurchführung;34;0.7;nan;34;1000.0
teils mit kornausbrüchen;19;0.39;nan;19;1000.0
wasserführend mit kalkaussinterung;8;0.17;nan;8;1000.0
undichter anschluss;12;0.25;nan;12;1000.0
holzeinlage;15;0.31;nan;15;1000.0
verfüllung von geländerpfosten abplatzung durch frost;8;0.17;nan;8;1000.0
mehrere teils mit kleinen abplatzungen;15;0.31;nan;15;1000.0
stk korrodierte bewehrungsstäbe teils mit abplatzungen;3;0.06;nan;3;1000.0
mehrere mit korrodierter bewehrung;3;0.06;nan;3;1000.0
mehrere teils mit abplatzungen;7;0.15;nan;7;1000.0
feinabrieb mehrere kleine instandsetzung;3;0.06;nan;3;1000.0
geringfügig;7;0.15;nan;7;1000.0
keine belagsfuge vorhanden mit bewuchs;9;0.19;nan;9;1000.0
mehrere undichte belagsentwässerungsrohre;3;0.06;nan;3;1000.0
mit korrodierter bewehrung;21;0.44;nan;21;1000.0
betrifft 131 stütze brünig;4;0.08;nan;4;1000.0
stk undichte belagsentwässerungsrohre;15;0.31;nan;15;1000.0
absandung der betonoberfläche infolge wassereinstau nicht einsehbar;6;0.12;nan;6;1000.0
ungesicherte abdeckungen- einlaufroste;5;0.1;nan;5;1000.0
angerostete stahlteile;4;0.08;nan;4;1000.0
mehrere kleine teils mit abplatzungen;10;0.21;nan;10;1000.0
längs- und querrisse;7;0.15;nan;7;1000.0
mehrere kleine binddrähte und nägel;7;0.15;nan;7;1000.0
sträucher bäume;8;0.17;nan;8;1000.0
mehrere längs und querrisse teils vergossen;13;0.27;nan;13;1000.0
teils mit abplatzungen;6;0.12;nan;6;1000.0
mit kalkaussinterungen mit rostflecken;26;0.54;nan;26;1000.0
lunkern;15;0.31;nan;15;1000.0
mehrere distanzhalter;4;0.08;nan;4;1000.0
mit betonabplatzungen mit korrodierter bewehrung;3;0.06;nan;3;1000.0
von fbü;8;0.17;nan;8;1000.0
anprallspuren;4;0.08;nan;4;1000.0
arbeitsfuge;9;0.19;nan;9;1000.0
einzelne längs- und querrisse teils vergossen;4;0.08;nan;4;1000.0
mehrere alte nassstelle jetzt trocken;3;0.06;nan;3;1000.0
krummes rohr;3;0.06;nan;3;1000.0
kein korrosionsschutz;11;0.23;nan;11;1000.0
zahlreiche schwindrisse mit kalkaussinterung;29;0.6;nan;29;1000.0
mehrere bis 100 cm2;44;0.91;nan;44;1000.0
stk mit kalkaussinterung;40;0.83;nan;40;1000.0
mehrere teils mit kalkaussinterung;21;0.44;nan;21;1000.0
mehrere horizontalrisse mit kalkaussinterungen;3;0.06;nan;3;1000.0
gerissener fugenverguss;3;0.06;nan;3;1000.0
alte nassstelle jetzt trocken aus bauzeit;9;0.19;nan;9;1000.0
aar fortgeschritten;33;0.68;nan;33;1000.0
deckbelag wurde ersetzt;8;0.17;nan;8;1000.0
mehrere schwindrisse teils mit kalkaussinterungen teils mit rostflecken;7;0.15;nan;7;1000.0
hohlliegender zementüberzug ca m2;16;0.33;nan;16;1000.0
randsteine abgelöst hohlliegend;4;0.08;nan;4;1000.0
einzelne kleine nägel binddrähte und abstandhalter;11;0.23;nan;11;1000.0
hohlliegend;25;0.52;nan;25;1000.0
gras und moos;7;0.15;nan;7;1000.0
je stk horizontalriss mit kalkaussinterungen;14;0.29;nan;14;1000.0
stk mit kleinen abplatzungen;18;0.37;nan;18;1000.0
mehrere schwindrisse teils mit leichten kalkaussinterungen;4;0.08;nan;4;1000.0
zu kurze belagsentwässerungsrohre;12;0.25;nan;12;1000.0
frühschwindrisse evtl aar beginnend;6;0.12;nan;6;1000.0
leichte ablösung der flanken bis 10 mm;3;0.06;nan;3;1000.0
ungesicherte einlaufroste abdeckungen;5;0.1;nan;5;1000.0
mit betonabplatzungen;16;0.33;nan;16;1000.0
verfüllung von geländerpfosten risse durch frost;21;0.44;nan;21;1000.0
anzahl stk hohlliegende pfostenfüllungen;8;0.17;nan;8;1000.0
übergang zu schleppplatte;4;0.08;nan;4;1000.0
verzinkung abgewittert;10;0.21;nan;10;1000.0
kiesnester;7;0.15;nan;7;1000.0
mehrere kleine nägel;6;0.12;nan;6;1000.0
je stk bis 100 cm2;5;0.1;nan;5;1000.0
ablösung der beschichtung farbe;17;0.35;nan;17;1000.0
ca 00 m2;13;0.27;nan;13;1000.0
mechanische beschädigungen;21;0.44;nan;21;1000.0
nicht normgerecht;4;0.08;nan;4;1000.0
undichte fuge mit kalkaussinterungen;12;0.25;nan;12;1000.0
ungenügende betonüberdeckung;3;0.06;nan;3;1000.0
mehrere grossflächig mit korrodierter bewehrung;31;0.64;nan;31;1000.0
lokale abplatzung;3;0.06;nan;3;1000.0
lokale abplatzungen an den betonkanten;3;0.06;nan;3;1000.0
systembedingt;15;0.31;nan;15;1000.0
einzelne nägel;4;0.08;nan;4;1000.0
schraube fehlt;3;0.06;nan;3;1000.0
keine heissvergussfuge vorhanden;3;0.06;nan;3;1000.0
mehrere mechanische beschädigungen;8;0.17;nan;8;1000.0
stk mit abplatzungen bis 100 cm2;32;0.66;nan;32;1000.0
detail mangelhaft;4;0.08;nan;4;1000.0
derzeitige korrosion ohne nennenswerten querschnittsverlust;18;0.37;nan;18;1000.0
stk undichte bindstellen;14;0.29;nan;14;1000.0
stk bis mm;17;0.35;nan;17;1000.0
aufkommende sträucher und baumarten;5;0.1;nan;5;1000.0
zahlreiche längs- und querrisse teils vergossen;5;0.1;nan;5;1000.0
undichter fahrbahnübergang;79;1.64;nan;79;1000.0
pfosten sind lose beweglich;8;0.17;nan;8;1000.0
spröde und gerissene fugenabdichtung;10;0.21;nan;10;1000.0
von leitschrankenpfosten;9;0.19;nan;9;1000.0
durch wasser von fbü;3;0.06;nan;3;1000.0
keine fuge;6;0.12;nan;6;1000.0
stahl hohlliegend;4;0.08;nan;4;1000.0
aus bauzeit jetzt trocken;4;0.08;nan;4;1000.0
infolge undichtem fbü;15;0.31;nan;15;1000.0
zahlreiche bei übergang pfosten konsolkopf;3;0.06;nan;3;1000.0
mehrere kleine anprallschäden;3;0.06;nan;3;1000.0
stark korrodiert;3;0.06;nan;3;1000.0
bis 5cm tief;3;0.06;nan;3;1000.0
grossflächig bis m2 mit korrodierter bewehrung;3;0.06;nan;3;1000.0
zahlreiche in beschichtung;3;0.06;nan;3;1000.0
verzinkung abgewittert mit rostflecken lokal teilweise starke korrosion;6;0.12;nan;6;1000.0
gerissene muffen;3;0.06;nan;3;1000.0
teils hohlliegender mörtel;3;0.06;nan;3;1000.0
stk querriss;4;0.08;nan;4;1000.0
mit kalksinterungen und rostflecken;3;0.06;nan;3;1000.0
betrifft brückenträger;5;0.1;nan;5;1000.0
von drähten;3;0.06;nan;3;1000.0
ablösung der beschichtung grossflächig;7;0.15;nan;7;1000.0
netzartige risse bis ca mm rissbreite mit gelartigen ausscheidungen;23;0.48;nan;23;1000.0
rauhe betonoberfläche;6;0.12;nan;6;1000.0
fissures de rag fissures supérieures mm;13;0.27;nan;13;1000.0
evtl aus bauzeit;13;0.27;nan;13;1000.0
vergossen;7;0.15;nan;7;1000.0
lokale korrosionsspuren;6;0.12;nan;6;1000.0
wurden vergossen;3;0.06;nan;3;1000.0
graffiti;7;0.15;nan;7;1000.0
